{
  "random_forest": {
    "model_name": "random_forest",
    "mae": 0.08210090993711094,
    "rmse": 0.10856947084714509,
    "r2": 0.7660778471749692,
    "directional_accuracy": 0.8584779706275033,
    "sharpe_ratio": -0.24772261657107658,
    "hit_rate": 0.8584779706275033,
    "max_drawdown": -0.050480689191754885,
    "total_return": 0.031817251902528376,
    "volatility": 0.03563228035836507,
    "information_ratio": 0.014544802277871579,
    "calmar_ratio": 0.20985885430401774,
    "training_time": 0.233245,
    "prediction_time": 0.05597766666666667,
    "feature_importance": {
      "feature_0": 0.2015803559547794,
      "feature_1": 0.17727642150920758,
      "feature_2": 0.2051894190973581,
      "feature_3": 0.13508420998106035,
      "feature_4": 0.1865965051115851,
      "feature_5": 0.005693100115813551,
      "feature_6": 0.006143230787791366,
      "feature_7": 0.0060937989581433425,
      "feature_8": 0.006164890684209771,
      "feature_9": 0.006328000127603716,
      "feature_10": 0.005299371740184424,
      "feature_11": 0.007492727436977256,
      "feature_12": 0.007247979892939021,
      "feature_13": 0.005293593242798744,
      "feature_14": 0.007030844980407035,
      "feature_15": 0.007134770487804224,
      "feature_16": 0.0063771679118090376,
      "feature_17": 0.006281507846568897,
      "feature_18": 0.005059027875619986,
      "feature_19": 0.006633076257338958
    },
    "cv_scores": [
      0.12656999735986046,
      0.09952120479456018,
      0.09714708212113933
    ],
    "cv_std": 0.013345750796306595
  },
  "lightgbm": {
    "model_name": "lightgbm",
    "mae": 0.05017428265338347,
    "rmse": 0.0713752388907342,
    "r2": 0.8989000223567181,
    "directional_accuracy": 0.9172229639519359,
    "sharpe_ratio": -0.8148452764993868,
    "hit_rate": 0.9172229639519359,
    "max_drawdown": -0.049704135494508916,
    "total_return": -0.028337545806252362,
    "volatility": 0.03563468439473798,
    "information_ratio": -0.36293648531649164,
    "calmar_ratio": -0.1936498890542981,
    "training_time": 0.5756483333333333,
    "prediction_time": 0.0034590000000000003,
    "feature_importance": {
      "feature_0": "372",
      "feature_1": "335",
      "feature_2": "333",
      "feature_3": "358",
      "feature_4": "330",
      "feature_5": "40",
      "feature_6": "43",
      "feature_7": "31",
      "feature_8": "34",
      "feature_9": "34",
      "feature_10": "38",
      "feature_11": "31",
      "feature_12": "53",
      "feature_13": "31",
      "feature_14": "35",
      "feature_15": "35",
      "feature_16": "38",
      "feature_17": "23",
      "feature_18": "26",
      "feature_19": "25"
    },
    "cv_scores": [
      0.08885916838630636,
      0.06449513179947595,
      0.05681285372158671
    ],
    "cv_std": 0.01366093358962237
  },
  "xgboost": {
    "model_name": "xgboost",
    "mae": 0.06574211570702476,
    "rmse": 0.08922608872106493,
    "r2": 0.842006353919236,
    "directional_accuracy": 0.897196261682243,
    "sharpe_ratio": -0.9836189160353477,
    "hit_rate": 0.897196261682243,
    "max_drawdown": -0.07904229729132103,
    "total_return": -0.04553005560539247,
    "volatility": 0.03562663054950892,
    "information_ratio": -0.4804893837816408,
    "calmar_ratio": -0.1968053478319607,
    "training_time": 0.30888933333333335,
    "prediction_time": 0.0010073333333333334,
    "feature_importance": {
      "feature_0": "0.1321776",
      "feature_1": "0.1252713",
      "feature_2": "0.17510287",
      "feature_3": "0.12133909",
      "feature_4": "0.16103469",
      "feature_5": "0.019449031",
      "feature_6": "0.014129695",
      "feature_7": "0.018052625",
      "feature_8": "0.015780872",
      "feature_9": "0.02192612",
      "feature_10": "0.015657552",
      "feature_11": "0.015399798",
      "feature_12": "0.016642671",
      "feature_13": "0.021823099",
      "feature_14": "0.019630978",
      "feature_15": "0.019250447",
      "feature_16": "0.02099561",
      "feature_17": "0.023576379",
      "feature_18": "0.021963937",
      "feature_19": "0.020795628"
    },
    "cv_scores": [
      0.1065423552002102,
      0.08616854257581708,
      0.07146742995330033
    ],
    "cv_std": 0.014381567424504487
  }
}