{
  "evaluation_timestamp": "20250928_153401",
  "best_model": "random_forest",
  "model_count": 3,
  "top_features": {
    "feature_2": 0.17510287463665009,
    "feature_4": 0.1610346883535385,
    "feature_0": 0.13217760622501373,
    "feature_1": 0.12527130544185638,
    "feature_3": 0.1213390901684761,
    "feature_17": 0.02357637882232666,
    "feature_18": 0.02196393720805645,
    "feature_9": 0.021926119923591614,
    "feature_13": 0.0218230988830328,
    "feature_16": 0.0209956094622612
  }
}