{
  "feature_2": 0.17510287463665009,
  "feature_4": 0.1610346883535385,
  "feature_0": 0.13217760622501373,
  "feature_1": 0.12527130544185638,
  "feature_3": 0.1213390901684761,
  "feature_17": 0.02357637882232666,
  "feature_18": 0.02196393720805645,
  "feature_9": 0.021926119923591614,
  "feature_13": 0.0218230988830328,
  "feature_16": 0.0209956094622612,
  "feature_19": 0.020795628428459167,
  "feature_14": 0.019630977883934975,
  "feature_5": 0.019449030980467796,
  "feature_15": 0.019250446930527687,
  "feature_7": 0.01805262453854084,
  "feature_12": 0.016642671078443527,
  "feature_8": 0.015780871734023094,
  "feature_10": 0.01565755158662796,
  "feature_11": 0.015399797819554806,
  "feature_6": 0.014129694551229477
}